"","Var1","Similarity"
"1","BrE",0.829931972789116
"2","CanE",0.886904761904762
"3","HKE",0.833333333333333
"4","IndE",0.770833333333333
"5","IrE",0.863095238095238
"6","JamE",0.74702380952381
"7","NZE",0.851190476190476
"8","PhlE",0.821428571428572
"9","SgE",0.829931972789116
