"","variable","Similarity"
"1","BrE",0.627388056986079
"2","CanE",0.687059332072364
"3","HKE",0.653355015663297
"4","IndE",0.629677242021373
"5","IrE",0.717464826693958
"6","JamE",0.561402640711138
"7","NZE",0.69378192949269
"8","PhlE",0.539523894304871
"9","SgE",0.659538130787922
