"","variable","Similarity"
"1","BrE",0.902777777777778
"2","CanE",0.833333333333333
"3","HKE",0.833333333333333
"4","IndE",0.791666666666667
"5","IrE",0.833333333333333
"6","JamE",0.902777777777778
"7","NZE",0.861111111111111
"8","PhlE",0.861111111111111
"9","SgE",0.902777777777778
