"","Var1","Similarity"
"1","BrE",0.547619047619048
"2","CanE",0.690476190476191
"3","HKE",0.5
"4","IndE",0.607142857142857
"5","IrE",0.630952380952381
"6","JamE",0.666666666666667
"7","NZE",0.627976190476191
"8","PhlE",0.714285714285714
"9","SgE",0.5625
