"","variable","Similarity"
"1","BrE",0.6026674333855
"2","CanE",0.51112400972669
"3","HKE",0.564750239015053
"4","IndE",0.508650966076074
"5","IrE",0.564503215322223
"6","JamE",-0.0582891338841156
"7","NZE",0.572855039132546
"8","PhlE",0.570476955943877
"9","SgE",0.555880895628712
