"","Var1","Similarity"
"1","BrE",0.873015873015873
"2","CanE",0.841269841269842
"3","IrE",0.801587301587302
"4","NZE",0.865079365079365
