"","variable","Similarity"
"1","BrE",0.833333333333333
"2","CanE",0.833333333333333
"3","IrE",0.666666666666667
"4","NZE",0.833333333333333
