"","variable","Similarity"
"1","BrE",0.849988553767092
"2","CanE",0.818497988159051
"3","IrE",0.806889825670808
"4","NZE",0.834047811173979
