"","Var1","Similarity"
"1","HKE",0.863095238095238
"2","IndE",0.779761904761905
"3","JamE",0.761904761904762
"4","PhlE",0.755952380952381
"5","SgE",0.815476190476191
