"","variable","Similarity"
"1","HKE",0.726872333628994
"2","IndE",0.680378073650607
"3","JamE",0.561935813511331
"4","PhlE",0.683833335398359
"5","SgE",0.692712290151985
