"","Var1","Similarity"
"1","BrE",0.907738095238095
"2","CanE",0.875
"3","HKE",0.678571428571429
"4","IndE",0.866071428571429
"5","IrE",0.892857142857143
"6","JamE",0.800595238095238
"7","NZE",0.854166666666667
"8","PhlE",0.87202380952381
"9","SgE",0.895833333333333
