"","variable","Similarity"
"1","BrE",0.647166468747996
"2","CanE",0.729578303511913
"3","HKE",0.735591543652435
"4","IndE",0.736153876452661
"5","IrE",0.69830957537264
"6","JamE",0.647622997646527
"7","NZE",0.728949726502856
"8","PhlE",0.571484228151447
"9","SgE",0.737736668825638
