"","Var1","Similarity"
"1","BrE",0.568452380952381
"2","CanE",0.577380952380952
"3","HKE",0.214285714285714
"4","IndE",0.461309523809524
"5","IrE",0.645833333333333
"6","JamE",0.681547619047619
"7","NZE",0.583333333333333
"8","PhlE",0.43452380952381
"9","SgE",0.589285714285714
