"","variable","Similarity"
"1","BrE",0.722222222222222
"2","CanE",0.694444444444444
"3","HKE",0.805555555555556
"4","IndE",0.625
"5","IrE",0.736111111111111
"6","JamE",0.736111111111111
"7","NZE",0.666666666666667
"8","PhlE",0.736111111111111
"9","SgE",0.722222222222222
