"","variable","Similarity"
"1","BrE",0.432590005668908
"2","CanE",0.477270782607227
"3","HKE",0.183239771749886
"4","IndE",0.298330755694658
"5","IrE",0.478973242510189
"6","JamE",0.444351659309366
"7","NZE",0.424702501211253
"8","PhlE",0.402543041611958
"9","SgE",0.493218531763473
