"","Var1","Similarity"
"1","BrE",0.690476190476191
"2","CanE",0.706349206349207
"3","IrE",0.674603174603175
"4","NZE",0.642857142857143
