"","variable","Similarity"
"1","BrE",0.759774302156308
"2","CanE",0.798736776013292
"3","IrE",0.776068520667338
"4","NZE",0.838512580695389
