"","variable","Similarity"
"1","BrE",0.725974951983317
"2","CanE",0.688285814836962
"3","HKE",0.731393455305508
"4","IndE",0.352550861903292
"5","IrE",0.715763905502068
"6","JamE",0.687242378943794
"7","NZE",0.704694844201761
"8","PhlE",0.645401388267585
"9","SgE",0.678194259048184
