"","Var1","Similarity"
"1","BrE",0.773809523809524
"2","CanE",0.770833333333333
"3","HKE",0.779761904761905
"4","IndE",0.541666666666667
"5","IrE",0.794642857142857
"6","JamE",0.616071428571429
"7","NZE",0.788690476190476
"8","PhlE",0.717261904761905
"9","SgE",0.693452380952381
