"","variable","Similarity"
"1","BrE",0.686127944090851
"2","CanE",0.717830210533706
"3","HKE",0.753259375526781
"4","IndE",0.689098559217444
"5","IrE",0.762640567215146
"6","JamE",0.755373520842426
"7","NZE",0.687016431126152
"8","PhlE",0.639153386118747
"9","SgE",0.774226636595765
