"","Var1","Similarity"
"1","BrE",0.803571428571429
"2","CanE",0.699404761904762
"3","HKE",0.767857142857143
"4","IndE",0.663690476190476
"5","IrE",0.764880952380953
"6","JamE",0.720238095238095
"7","NZE",0.714285714285714
"8","PhlE",0.598214285714286
"9","SgE",0.601190476190476
