"","variable","Similarity"
"1","BrE",0.797744046752761
"2","CanE",0.758638269995243
"3","HKE",0.791569584827257
"4","IndE",0.663700876973047
"5","IrE",0.806353889588402
"6","JamE",0.814953029186622
"7","NZE",0.772418617895198
"8","PhlE",0.739599332434716
"9","SgE",0.819502132447639
