"","Var1","Similarity"
"1","BrE",0.738095238095238
"2","CanE",0.738095238095238
"3","HKE",0.735119047619048
"4","IndE",0.571428571428572
"5","IrE",0.785714285714286
"6","JamE",0.761904761904762
"7","NZE",0.806547619047619
"8","PhlE",0.657738095238095
"9","SgE",0.764880952380953
