"","Var1","Similarity"
"1","HKE",0.678571428571429
"2","IndE",0.601190476190476
"3","JamE",0.625
"4","PhlE",0.601190476190476
"5","SgE",0.744047619047619
