"","variable","Similarity"
"1","HKE",0.788130089948578
"2","IndE",0.703124506886688
"3","JamE",0.776735044618103
"4","PhlE",0.771562271686004
"5","SgE",0.792822945019016
