"","variable","Similarity"
"1","BrE",0.459038029782097
"2","CanE",0.583631317154002
"3","HKE",0.524574442846823
"4","IndE",0.487903242319884
"5","IrE",0.509968101090633
"6","JamE",0.33620213105217
"7","NZE",0.569807817399422
"8","PhlE",0.326752917973021
"9","SgE",0.53910212739941
