"","Var1","Similarity"
"1","BrE",0.767857142857143
"2","CanE",0.720238095238095
"3","HKE",0.711309523809524
"4","IndE",0.541666666666667
"5","IrE",0.663690476190476
"6","JamE",0.741071428571429
"7","NZE",0.752976190476191
"8","PhlE",0.758928571428572
"9","SgE",0.598214285714286
