"","variable","Similarity"
"1","BrE",0.847222222222222
"2","CanE",0.847222222222222
"3","HKE",0.666666666666667
"4","IndE",0.777777777777778
"5","IrE",0.708333333333333
"6","JamE",0.805555555555556
"7","NZE",0.777777777777778
"8","PhlE",0.708333333333333
"9","SgE",0.75
