"","variable","Similarity"
"1","BrE",0.738207822936457
"2","CanE",0.750173506040749
"3","HKE",0.744207416554958
"4","IndE",0.720253792861066
"5","IrE",0.71089454790842
"6","JamE",0.553180312356784
"7","NZE",0.774207695266565
"8","PhlE",0.71192758122205
"9","SgE",0.734561381386288
