"","Var1","Similarity"
"1","BrE",0.68452380952381
"2","CanE",0.752976190476191
"3","HKE",0.80952380952381
"4","IndE",0.761904761904762
"5","IrE",0.630952380952381
"6","JamE",0.806547619047619
"7","NZE",0.702380952380953
"8","PhlE",0.729166666666667
"9","SgE",0.788690476190476
