"","variable","Similarity"
"1","BrE",0.630232671849787
"2","CanE",0.725402341330339
"3","HKE",0.709160949941091
"4","IndE",0.715977317618461
"5","IrE",0.648822123234793
"6","JamE",0.707443057601075
"7","NZE",0.712073937051934
"8","PhlE",0.464695322742228
"9","SgE",0.697749291946132
