"","Var1","Similarity"
"1","BrE",0.601190476190476
"2","CanE",0.461309523809524
"3","HKE",0.351190476190476
"4","IndE",0.565476190476191
"5","IrE",0.303571428571429
"6","JamE",0.601190476190476
"7","NZE",0.604166666666667
"8","PhlE",0.511904761904762
"9","SgE",0.470238095238095
