"","variable","Similarity"
"1","BrE",0.641953890508457
"2","CanE",0.772222525282888
"3","IrE",0.754431325986822
"4","NZE",0.736603248335616
