"","Var1","Similarity"
"1","BrE",0.904761904761905
"2","CanE",0.904761904761905
"3","IrE",0.904761904761905
"4","NZE",0.904761904761905
