"","variable","Similarity"
"1","BrE",0.925925925925926
"2","CanE",0.851851851851852
"3","IrE",0.925925925925926
"4","NZE",0.851851851851852
