"","Var1","Similarity"
"1","BrE",0.842261904761905
"2","CanE",0.877976190476191
"3","HKE",0.770833333333333
"4","IndE",0.744047619047619
"5","IrE",0.880952380952381
"6","JamE",0.744047619047619
"7","NZE",0.880952380952381
"8","PhlE",0.80952380952381
"9","SgE",0.87202380952381
