"","variable","Similarity"
"1","BrE",0.930555555555556
"2","CanE",0.888888888888889
"3","HKE",0.861111111111111
"4","IndE",0.861111111111111
"5","IrE",0.930555555555556
"6","JamE",0.930555555555556
"7","NZE",0.888888888888889
"8","PhlE",0.888888888888889
"9","SgE",0.930555555555556
