"","variable","Similarity"
"1","BrE",0.675416779731767
"2","CanE",0.712791427971804
"3","HKE",0.679076669260489
"4","IndE",0.619071371550703
"5","IrE",0.751935448896891
"6","JamE",0.702749933359483
"7","NZE",0.726513104223672
"8","PhlE",0.62325175492199
"9","SgE",0.727482059168386
