"","Var1","Similarity"
"1","BrE",0.875
"2","CanE",0.913690476190476
"3","HKE",0.922619047619048
"4","IndE",0.931972789115646
"5","IrE",0.910714285714286
"6","JamE",0.904761904761905
"7","NZE",0.904761904761905
"8","PhlE",0.883928571428572
"9","SgE",0.931972789115646
