"","variable","Similarity"
"1","BrE",0.585839739131269
"2","CanE",0.62624261756719
"3","HKE",0.570969567965341
"4","IndE",0.601721277333266
"5","IrE",0.587697126067186
"6","JamE",0.549653634573159
"7","NZE",0.610443843062214
"8","PhlE",0.344957362164338
"9","SgE",0.56936869523358
