"","variable","Similarity"
"1","HKE",0.644501117698309
"2","IndE",0.614500414067907
"3","JamE",0.664266279168392
"4","PhlE",0.570776786751059
"5","SgE",0.686674085140153
