"","Var1","Similarity"
"1","HKE",0.672619047619048
"2","IndE",0.738095238095238
"3","JamE",0.767857142857143
"4","PhlE",0.797619047619048
"5","SgE",0.80952380952381
