"","variable","Similarity"
"1","HKE",0.888888888888889
"2","IndE",0.888888888888889
"3","JamE",0.916666666666667
"4","PhlE",0.833333333333333
"5","SgE",0.916666666666667
